tconst,primaryTitle,startYear,genres,lead_actors_ids,runtimeMinutes,averageRating,Language,Country,numVotes,budget,BoxOffice,plot
tt0111161,The Shawshank Redemption,1994,"[""Drama""]","[""nm0000209"", ""nm0000151"", ""nm0348409""]",142,9.3,English,United States,3179655,25.0,73.3,A wrongfully convicted banker forms a close friendship with a hardened convict over a quarter century while retaining his humanity through simple acts of compassion.
tt0068646,The Godfather,1972,"[""Crime"", ""Drama""]","[""nm0000008"", ""nm0000199"", ""nm0001001""]",175,9.2,English,United States,2220934,6.0,250.0,The aging patriarch of an organized crime dynasty transfers control of his clandestine empire to his reluctant son.
tt0468569,The Dark Knight,2008,"[""Action"", ""Crime"", ""Drama""]","[""nm0000288"", ""nm0005132"", ""nm0001173""]",152,9.1,English,United States,3159065,185.0,1009.0,"When a menace known as the Joker wreaks havoc and chaos on the people of Gotham, Batman, James Gordon and Harvey Dent must work together to put an end to the madness."
tt0071562,The Godfather Part II,1974,"[""Crime"", ""Drama""]","[""nm0000199"", ""nm0000134"", ""nm0000380""]",202,9.0,English,United States,1492120,13.0,93.0,"The early life and career of Vito Corleone in 1920s New York City is portrayed, while his son, Michael, expands and tightens his grip on the family crime syndicate."
tt0050083,12 Angry Men,1957,"[""Crime"", ""Drama""]","[""nm0000020"", ""nm0002011"", ""nm0000842""]",96,9.0,English,United States,981488,0.34,2.0,The jury in a New York City murder trial is frustrated by a single member whose skeptical caution forces them to more carefully consider the evidence before jumping to a hasty verdict.
tt0108052,Schindler's List,1994,"[""Biography"", ""Drama"", ""History""]","[""nm0000553"", ""nm0000146"", ""nm0001426""]",195,9.0,English,United States,1582378,22.0,322.2,"In German-occupied Poland during World War II, industrialist Oskar Schindler gradually becomes concerned for his Jewish workforce after witnessing their persecution by the Nazis."
tt0167260,The Lord of the Rings: The Return of the King,2003,"[""Adventure"", ""Drama"", ""Fantasy""]","[""nm0000704"", ""nm0001557"", ""nm0005212""]",201,9.0,English,New Zealand,2142025,,386.98,Gandalf and Aragorn lead the World of Men against Sauron's army to draw his gaze from Frodo and Sam as they approach Mount Doom with the One Ring.
tt0110912,Pulp Fiction,1994,"[""Crime"", ""Drama""]","[""nm0000237"", ""nm0000235"", ""nm0000168""]",154,8.8,English,United States,2429532,,107.93,"The lives of two mob hitmen, a boxer, a gangster and his wife, and a pair of diner bandits intertwine in four tales of violence and redemption."
tt0060196,"The Good, the Bad and the Ugly",1967,"[""Adventure"", ""Drama"", ""Western""]","[""nm0000142"", ""nm0908919"", ""nm0001812""]",178,8.8,English,Italy,889734,1.2,38.9,A bounty-hunting scam joins two men in an uneasy alliance against a third in a race to find a fortune in gold buried in a remote cemetery.
tt0120737,The Lord of the Rings: The Fellowship of the Ring,2001,"[""Adventure"", ""Drama"", ""Fantasy""]","[""nm0000704"", ""nm0005212"", ""nm0089217""]",178,8.9,English,New Zealand,2190837,93.0,897.0,A meek Hobbit from the Shire and eight companions set out on a journey to destroy the powerful One Ring and save Middle-earth from the Dark Lord Sauron.
tt0137523,Fight Club,1999,"[""Crime"", ""Drama"", ""Thriller""]","[""nm0000093"", ""nm0001533""]",139,8.8,English,United States,2598174,63.0,101.0,An insomniac office worker and a devil-may-care soap maker form an underground fight club that evolves into much more.
tt0109830,Forrest Gump,1994,"[""Drama"", ""Romance""]","[""nm0000158"", ""nm0000705"", ""nm0000641""]",142,8.8,English,United States,2489915,55.0,678.0,"The history of the United States from the 1950s to the '70s unfolds from the perspective of an Alabama man with an IQ of 75, who yearns to be reunited with his childhood sweetheart."
tt1375666,Inception,2010,"[""Action"", ""Adventure"", ""Sci-Fi""]","[""nm0000138"", ""nm0330687"", ""nm0680983""]",148,8.8,English,United Kingdom,2808796,160.0,839.0,"A thief who steals corporate secrets through the use of dream-sharing technology is given the inverse task of planting an idea into the mind of a CEO, but his tragic past may doom the project and his team to disaster."
tt0167261,The Lord of the Rings: The Two Towers,2002,"[""Adventure"", ""Drama"", ""Fantasy""]","[""nm0000704"", ""nm0005212"", ""nm0001557""]",179,8.8,English,New Zealand,1939468,94.0,944.0,"While Frodo and Sam edge closer to Mordor with the help of the shifty Gollum, the divided fellowship makes a stand against Sauron's new ally, Saruman, and his hordes of Isengard."
tt0080684,Star Wars: Episode V - The Empire Strikes Back,1980,"[""Action"", ""Adventure"", ""Fantasy""]","[""nm0000434"", ""nm0000148"", ""nm0000402""]",124,8.7,English,United States,1495152,30.5,549.5,"After the Empire overpowers the Rebel Alliance, Luke Skywalker begins training with Jedi Master Yoda, while Darth Vader and bounty hunter Boba Fett pursue his friends across the galaxy."
tt0133093,The Matrix,1999,"[""Action"", ""Sci-Fi""]","[""nm0000206"", ""nm0000401"", ""nm0005251""]",136,8.7,English,United States,2243093,63.0,467.8,"When a beautiful stranger leads computer hacker Neo to a forbidding underworld, he discovers the shocking truth--the life he knows is the elaborate deception of an evil cyber-intelligence."
tt0099685,GoodFellas,1990,"[""Biography"", ""Crime"", ""Drama""]","[""nm0000134"", ""nm0000501"", ""nm0000582""]",145,8.7,English,United States,1388009,25.0,47.1,"The story of Henry Hill and his life in the mafia, covering his relationship with his wife Karen and his mob partners Jimmy Conway and Tommy DeVito."
tt0073486,One Flew Over the Cuckoo's Nest,1975,"[""Drama""]","[""nm0000197"", ""nm0001221"", ""nm0077720""]",133,8.6,English,United States,1155304,3.0,163.3,"A rebellious convict is sent to a psychiatric hospital for evaluation in 1963 Oregon, and encourages his docile companions to take more control of their lives and defy the tyrannical head nurse."
tt0114369,Seven,1995,"[""Crime"", ""Drama"", ""Mystery""]","[""nm0000151"", ""nm0000093"", ""nm0000228""]",127,8.6,English,United States,2015134,33.0,327.3,Two detectives try to track down a serial killer who chooses his victims based on the Seven Deadly Sins.
tt0038650,It's a Wonderful Life,1946,"[""Drama"", ""Family"", ""Fantasy""]","[""nm0000071"", ""nm0001656"", ""nm0000859""]",130,8.6,English,United States,552062,3.18,3.3,An angel is sent from Heaven to help a desperately frustrated businessman see the value of his own life.
tt0047478,Seven Samurai,1954,"[""Action"", ""Drama""]","[""nm0001536"", ""nm0793766"", ""nm0875477""]",207,8.6,Japanese,Japan,397770,,0.82,"Farmers from a village exploited by bandits hire a veteran samurai for protection, and he gathers six other samurai to join him."
tt0102926,The Silence of the Lambs,1991,"[""Crime"", ""Drama"", ""Horror""]","[""nm0000149"", ""nm0000164"", ""nm0001277""]",118,8.6,English,United States,1718588,19.0,272.7,"A young F.B.I. cadet must receive the help of an incarcerated and manipulative cannibal killer to help catch another serial killer, a madman who skins his victims."
tt0317248,City of God,2004,"[""Crime"", ""Drama""]","[""nm1129884"", ""nm0618690""]",130,8.6,Portuguese,Brazil,869206,3.3,30.6,"In the slums of Rio, two kids' paths diverge as one struggles to become a photographer and the other a kingpin."
tt0816692,Interstellar,2014,"[""Adventure"", ""Drama"", ""Sci-Fi""]","[""nm0000190"", ""nm0004266"", ""nm1567113""]",169,8.7,English,United States,2516752,165.0,773.8,"When Earth becomes uninhabitable in the future, a farmer and ex-NASA pilot, Joseph Cooper, is tasked to pilot a spacecraft, along with a team of researchers, to find a new planet for humans."
tt0120815,Saving Private Ryan,1998,"[""Drama"", ""War""]","[""nm0000158"", ""nm0000354"", ""nm0001744""]",169,8.6,English,United States,1635552,65.0,482.3,"Following the Normandy Landings, a group of U.S. soldiers go behind enemy lines to retrieve a paratrooper whose comrades have been killed in action."
tt0118799,Life Is Beautiful,1997,"[""Comedy"", ""Drama"", ""Romance""]","[""nm0000905"", ""nm0000971"", ""nm0134493""]",116,8.6,Italian,Italy,811130,,230.1,"When an open-minded Jewish waiter and his son become victims of the Holocaust, he uses a perfect mixture of will, humor and imagination to protect his son from the dangers around their camp."
tt0120689,The Green Mile,1999,"[""Crime"", ""Drama"", ""Fantasy""]","[""nm0000158"", ""nm0003817""]",189,8.6,English,United States,1557536,60.0,286.8,A death row guard learns that a gentle giant in his charge possesses a mysterious gift.
tt6751668,Parasite,2019,"[""Drama"", ""Thriller""]","[""nm0814280"", ""nm1310525"", ""nm1856097""]",132,8.5,Korean,South Korea,1148210,11.4,258.1,Greed and class discrimination threaten the newly formed symbiotic relationship between the wealthy Park family and the destitute Kim clan.
tt0245429,Spirited Away,2003,"[""Animation"", ""Adventure"", ""Family""]","[""nm0997115"", ""nm0383708"", ""nm0622412""]",124,8.6,Japanese,Japan,964088,19.2,396.0,"During her family's move to the suburbs, a sullen 10-year-old girl wanders into a world ruled by gods, witches and spirits, and where humans are changed into beasts."
tt0120586,American History X,1998,"[""Crime"", ""Drama""]","[""nm0000411"", ""nm0000350""]",119,8.5,English,United States,1271167,20.0,23.8,A European-American man is released from prison and now a changed man and hopes to prevent his younger brother from following in his footsteps.
tt0110413,Léon: The Professional,1994,"[""Action"", ""Crime"", ""Drama""]","[""nm0000606"", ""nm0000198"", ""nm0000204""]",110,8.5,English,France,1348574,16.0,19.5,"When her family is murdered by a group of corrupt officers led by the tyrannical Norman Stansfield, a young 12-year-old girl enlists the help of an Italian-American hitman to seek revenge."
tt0253474,The Pianist,2003,"[""Biography"", ""Drama"", ""Music""]","[""nm0004778"", ""nm0470981"", ""nm0277975""]",150,8.5,English,France,1010154,35.0,120.1,"During WWII, acclaimed Polish musician Wladyslaw faces various struggles as he loses contact with his family. As the situation worsens, he hides in the ruins of Warsaw in order to survive."
tt0110357,The Lion King,1994,"[""Animation"", ""Adventure"", ""Drama""]","[""nm0000111"", ""nm0000460"", ""nm0000469""]",88,8.5,English,United States,1248136,45.0,979.0,"Lion prince Simba and his father are targeted by his bitter uncle, who wants to ascend the throne himself."
tt0172495,Gladiator,2000,"[""Action"", ""Adventure"", ""Drama""]","[""nm0000128"", ""nm0001618"", ""nm0001567""]",155,8.5,English,United States,1844518,103.0,466.0,A former Roman General sets out to exact vengeance against the corrupt emperor who murdered his family and sent him into slavery.
tt0407887,The Departed,2006,"[""Crime"", ""Drama"", ""Thriller""]","[""nm0000138"", ""nm0000354"", ""nm0000197""]",151,8.5,English,United States,1551506,90.0,291.5,An undercover cop and a mole in the police attempt to identify each other while infiltrating an Irish gang in South Boston.
tt0482571,The Prestige,2006,"[""Drama"", ""Mystery"", ""Sci-Fi""]","[""nm0000288"", ""nm0413168"", ""nm0424060""]",130,8.5,English,United Kingdom,1583310,40.0,109.0,"Two friends and fellow magicians become bitter enemies after a sudden tragedy. As they devote themselves to this rivalry, they make sacrifices that bring them fame but, with terrible consequences."
tt2582802,Whiplash,2014,"[""Drama"", ""Music""]","[""nm1886602"", ""nm0799777"", ""nm2552034""]",106,8.5,English,United States,1134459,3.3,50.4,A promising young drummer enrolls at a cut-throat music conservatory where his dreams of greatness are mentored by an instructor who will stop at nothing to realize a student's potential.
tt1675434,The Intouchables,2011,"[""Comedy"", ""Drama""]","[""nm0167388"", ""nm1082477"", ""nm0494504""]",112,8.5,French,France,1024790,10.8,426.6,"After he becomes a quadriplegic from a paragliding accident, an aristocrat hires a young man from the projects to be his caregiver."
tt1853728,Django Unchained,2012,"[""Drama"", ""Western""]","[""nm0004937"", ""nm0910607"", ""nm0000138""]",165,8.5,English,United States,1878015,100.0,449.8,"With the help of a German bounty-hunter, a freed slave sets out to rescue his wife from a brutal plantation owner in Mississippi."
tt0076759,Star Wars: Episode IV - A New Hope,1977,"[""Action"", ""Adventure"", ""Fantasy""]","[""nm0000434"", ""nm0000148"", ""nm0000402""]",121,8.6,English,United States,1555851,11.0,775.4,"Luke Skywalker joins forces with a Jedi Knight, a cocky pilot, a Wookiee and two droids to save the galaxy from the Empire's world-destroying battle station, while also attempting to rescue Princess Leia from the mysterious Darth ..."
tt0910970,WALL·E,2008,"[""Animation"", ""Adventure"", ""Family""]","[""nm0123785"", ""nm2264184"", ""nm0307531""]",98,8.4,English,United States,1306354,180.0,532.5,"A robot who is responsible for cleaning a waste-covered Earth meets another robot and falls in love with her. Together, they set out on a journey that will alter the fate of mankind."
tt1345836,The Dark Knight Rises,2012,"[""Action"", ""Crime"", ""Drama""]","[""nm0000288"", ""nm0362766"", ""nm0004266""]",164,8.4,English,United Kingdom,1989037,,1115.0,"Bane, an imposing terrorist, attacks Gotham City and disrupts its eight-year-long period of peace. This forces Bruce Wayne to come out of hiding and don the cape and cowl of Batman again."
tt0088763,Back to the Future,1985,"[""Adventure"", ""Comedy"", ""Sci-Fi""]","[""nm0000150"", ""nm0000502"", ""nm0000670""]",116,8.5,English,United States,1436086,19.0,393.0,"Marty McFly, a 17-year-old high school student, is accidentally sent 30 years into the past in a time-traveling DeLorean invented by his close friend, the maverick scientist Doc Brown."
tt0209144,Memento,2001,"[""Drama"", ""Mystery"", ""Thriller""]","[""nm0001602"", ""nm0005251"", ""nm0001592""]",113,8.4,English,United States,1432382,5.0,40.1,A former insurance investigator who now suffers from anterograde amnesia uses notes and tattoos to hunt down his wife's murderer.
tt0034583,Casablanca,1943,"[""Drama"", ""Romance"", ""War""]","[""nm0000007"", ""nm0000006"", ""nm0002134""]",102,8.5,English,United States,654681,0.94,3.7,A cynical expatriate American cafe owner struggles to decide whether or not to help his former lover and her fugitive husband escape the Nazis in French Morocco.
tt0095765,Cinema Paradiso,1990,"[""Drama"", ""Romance""]","[""nm0634159"", ""nm0134073"", ""nm0041066""]",174,8.5,Italian,Italy,316943,5.0,36.0,"Salvatore, a famous film director, returns to his hometown for the funeral of the local theater's film projectionist, Alfredo. He reminisces about his life as a young boy falling in love with cinema."
tt4154796,Avengers: Endgame,2019,"[""Action"", ""Adventure"", ""Sci-Fi""]","[""nm0000375"", ""nm0262635"", ""nm0749263""]",181,8.4,English,United States,1440952,356.0,2799.0,"After the devastating events of Avengers: Infinity War (2018), the universe is in ruins. With the help of remaining allies, the Avengers assemble once more in order to reverse Thanos' actions and restore balance to the universe."
tt4154756,Avengers: Infinity War,2018,"[""Action"", ""Adventure"", ""Sci-Fi""]","[""nm0000375"", ""nm1165110"", ""nm0749263""]",149,8.4,English,United States,1367190,325.0,2052.0,The Avengers and their allies must be willing to sacrifice all in an attempt to defeat the powerful Thanos before his blitz of devastation and ruin puts an end to the universe.
tt7286456,Joker,2019,"[""Crime"", ""Drama"", ""Thriller""]","[""nm0001618"", ""nm0000134"", ""nm5939164""]",122,8.3,English,United States,1688330,55.0,1079.0,"Arthur Fleck, a party clown and a failed stand-up comedian, leads an impoverished life with his ailing mother. However, when society shuns him and brands him as a freak, he decides to embrace the life of chaos in Gotham City."
tt4633694,Spider-Man: Into the Spider-Verse,2018,"[""Animation"", ""Action"", ""Adventure""]","[""nm4271336"", ""nm2159926"", ""nm2794962""]",117,8.4,English,United States,777014,,190.24,Teen Miles Morales becomes the Spider-Man of his universe and must join with five spider-powered individuals from other dimensions to stop a threat for all realities.
tt2380307,Coco,2017,"[""Animation"", ""Adventure"", ""Drama""]","[""nm5645519"", ""nm0305558"", ""nm0000973""]",105,8.4,English,United States,704092,175.0,814.3,"Aspiring musician Miguel, confronted with his family's ancestral ban on music, enters the Land of the Dead to find his great-great-grandfather, a legendary singer."
tt5311514,Your Name.,2016,"[""Animation"", ""Drama"", ""Fantasy""]","[""nm1126340"", ""nm4759838"", ""nm6954008""]",106,8.4,Japanese,Japan,385171,,5.02,"Two teenagers share a profound, magical connection upon discovering they are swapping bodies. Things manage to become even more complicated when the boy and girl decide to meet in person."
tt0993846,The Wolf of Wall Street,2013,"[""Biography"", ""Comedy"", ""Crime""]","[""nm0000138"", ""nm1706767"", ""nm3053338""]",180,8.2,English,United States,1781432,100.0,407.0,"Based on the true story of Jordan Belfort, from his rise to a wealthy stock-broker living the high life to his fall involving crime, corruption and the federal government."
tt1130884,Shutter Island,2010,"[""Drama"", ""Mystery"", ""Thriller""]","[""nm0000138"", ""nm0607865"", ""nm0749263""]",138,8.2,English,United States,1641055,80.0,294.8,Two US marshals are sent to a mental institution on an inhospitable island in order to investigate the disappearance of a patient.
tt0361748,Inglourious Basterds,2009,"[""Adventure"", ""Drama"", ""War""]","[""nm0000093"", ""nm1208167"", ""nm0744834""]",153,8.4,English,United States,1778290,,120.54,"In Nazi-occupied France during World War II, a plan to assassinate Nazi leaders by a group of Jewish U.S. soldiers coincides with a theatre owner's vengeful plans for the same."
tt0082971,Raiders of the Lost Ark,1981,"[""Action"", ""Adventure""]","[""nm0000148"", ""nm0000261"", ""nm0293550""]",115,8.4,English,United States,1102713,,248.16,"In 1936, archaeologist Indiana Jones is tasked by Army Intelligence to help locate a legendary ancient power, the Ark of Covenant, before the Nazis get it first."
tt0081505,The Shining,1980,"[""Drama"", ""Horror""]","[""nm0000197"", ""nm0001167"", ""nm0515950""]",146,8.4,English,United Kingdom,1216349,19.0,50.0,"A family heads to an isolated hotel for the winter, where a sinister presence influences the father into violence. At the same time, his psychic son sees horrifying forebodings from both the past and the future."
tt0103064,Terminator 2: Judgment Day,1991,"[""Action"", ""Adventure"", ""Sci-Fi""]","[""nm0000216"", ""nm0000157"", ""nm0000411""]",137,8.6,English,United States,1276343,,205.88,"A cyborg from the future, identical to the one who failed to kill Sarah Connor, must now protect her ten-year-old son John from an even more advanced and powerful cyborg."
tt0112573,Braveheart,1995,"[""Biography"", ""Drama"", ""War""]","[""nm0000154"", ""nm0000521"", ""nm0001526""]",178,8.3,English,United States,1155463,53.0,209.0,Scottish warrior William Wallace leads his countrymen in a rebellion to free his homeland from the tyranny of King Edward I of England.
tt0268978,A Beautiful Mind,2002,"[""Biography"", ""Drama"", ""Mystery""]","[""nm0000128"", ""nm0000438"", ""nm0000124""]",135,8.2,English,United States,1052138,58.0,316.8,"A mathematical genius, John Nash made an astonishing discovery early in his career and stood on the brink of international acclaim. But Nash soon found himself on a harrowing journey of self-discovery."
tt0266543,Finding Nemo,2003,"[""Animation"", ""Adventure"", ""Comedy""]","[""nm0000983"", ""nm0001122"", ""nm1071252""]",100,8.2,English,United States,1196544,,380.84,"After his son is captured in the Great Barrier Reef and taken to Sydney, a timid clownfish sets out on a journey to bring him home."
tt0435761,Toy Story 3,2010,"[""Animation"", ""Adventure"", ""Comedy""]","[""nm0000158"", ""nm0021110""]",103,8.3,English,United States,961588,200.0,1067.0,"The toys are mistakenly delivered to a day-care center instead of the attic right before Andy leaves for college, and it's up to Woody to convince the other toys that they weren't abandoned and to return home."
tt1049413,Up,2009,"[""Animation"", ""Adventure"", ""Comedy""]","[""nm0000799"", ""nm2973712"", ""nm0001652""]",96,8.3,English,United States,1225827,175.0,735.1,"78-year-old Carl Fredricksen travels to South America in his house equipped with balloons, inadvertently taking a young stowaway."
tt2096673,Inside Out,2015,"[""Animation"", ""Adventure"", ""Comedy""]","[""nm0688132"", ""nm0352778"", ""nm0085400""]",95,8.1,English,United States,905131,175.0,858.8,"After young Riley is uprooted from her Midwest life and moved to San Francisco, her emotions, Joy, Fear, Anger, Disgust, and Sadness, conflict on how best to navigate a new city, house, and school."
tt0114709,Toy Story,1995,"[""Animation"", ""Adventure"", ""Comedy""]","[""nm0000158"", ""nm0021110"", ""nm0725543""]",81,8.3,English,United States,1163069,30.0,401.2,"A cowboy doll is profoundly jealous when a new spaceman action figure supplants him as the top toy in a boy's bedroom. When circumstances separate them from their owner, the duo have to put aside their differences to return to him."
tt2278388,The Grand Budapest Hotel,2014,"[""Comedy"", ""Drama""]","[""nm0000146"", ""nm0000719"", ""nm0023832""]",99,8.1,English,United States,968286,25.0,174.6,"A writer encounters the owner of an aging high-class hotel, who tells him of his early years serving as a lobby boy in the hotel's glorious years under an exceptional concierge."
tt6966692,Green Book,2018,"[""Biography"", ""Comedy"", ""Drama""]","[""nm0001557"", ""nm0991810"", ""nm0004802""]",130,8.2,English,United States,682124,23.0,321.8,A working-class Italian-American bouncer becomes the driver for an African-American classical pianist on a tour of venues through the 1960s American South.
tt8579674,1917,2019,"[""Action"", ""Drama"", ""War""]","[""nm2835616"", ""nm1126657"", ""nm0990547""]",119,8.2,English,United Kingdom,762191,90.0,446.1,"April 6th, 1917. As an infantry battalion assembles to wage war deep in enemy territory, two soldiers are assigned to race against time and deliver a message that will stop 1,600 men from walking straight into a deadly trap."
tt8267604,Capernaum,2018,"[""Drama""]","[""nm9862858"", ""nm9862859""]",126,8.4,Levantine Arabic,Lebanon,122730,,1.66,"While serving a five-year sentence for a violent crime, a 12-year-old boy sues his parents for neglect."
tt8503618,Hamilton,2020,"[""Biography"", ""Drama"", ""History""]","[""nm0592135"", ""nm5623883"", ""nm1502434""]",160,8.3,English,United States,136884,12.5,21.0,"The real life of one of America's foremost founding fathers and first Secretary of the Treasury, Alexander Hamilton. Captured live on Broadway from the Richard Rodgers Theater with the original Broadway cast."
tt1392190,Mad Max: Fury Road,2015,"[""Action"", ""Adventure"", ""Sci-Fi""]","[""nm0362766"", ""nm0000234"", ""nm0396558""]",120,8.1,English,Australia,1198396,154.6,380.4,"In a post-apocalyptic wasteland, a woman rebels against a tyrannical ruler in search for her homeland with the aid of a group of female prisoners, a psychotic worshipper and a drifter named Max."
tt2488496,Star Wars: Episode VII - The Force Awakens,2015,"[""Action"", ""Adventure"", ""Sci-Fi""]","[""nm5397459"", ""nm3915784"", ""nm1209966""]",138,7.7,English,United States,1018738,,2071.0,"As a new threat to the galaxy rises, Rey, a desert scavenger, and Finn, an ex-stormtrooper, must join Han Solo and Chewbacca to search for the one hope of restoring peace."
tt3659388,The Martian,2015,"[""Adventure"", ""Drama"", ""Sci-Fi""]","[""nm0000354"", ""nm1567113"", ""nm1325419""]",144,8.0,English,United States,999128,108.0,630.6,"An astronaut becomes stranded on Mars after his team assumes him dead, and must rely on his ingenuity to find a way to signal to Earth that he is alive and can survive until a potential rescue."
tt3896198,Guardians of the Galaxy Vol. 2,2017,"[""Action"", ""Adventure"", ""Comedy""]","[""nm0695435"", ""nm0757855"", ""nm1176985""]",136,7.6,English,United States,823054,200.0,869.1,"The Guardians struggle to keep together as a team while dealing with their personal family issues, notably Star-Lord's encounter with his father, the ambitious celestial being Ego."
tt1825683,Black Panther,2018,"[""Action"", ""Adventure"", ""Sci-Fi""]","[""nm1569276"", ""nm0430107"", ""nm2143282""]",134,7.3,English,United States,907405,200.0,1350.0,"T'Challa, heir to the hidden but advanced kingdom of Wakanda, must step forward to lead his people into a new future and must confront a challenger from his country's past."
tt0469494,There Will Be Blood,2007,"[""Drama""]","[""nm0000358"", ""nm0200452"", ""nm0001354""]",158,8.2,English,United States,700517,25.0,76.2,"A story of family, religion, hatred, oil and madness, focusing on a turn-of-the-century prospector in the early days of the business."
tt0372784,Batman Begins,2005,"[""Action"", ""Crime"", ""Drama""]","[""nm0000288"", ""nm0000323"", ""nm0913822""]",140,8.2,English,United States,1709629,150.0,375.4,"After witnessing his parents' death, billionaire Bruce Wayne learns the art of fighting to confront injustice. When he returns to Gotham as Batman, he must stop a secret society that intends to destroy the city."
tt0848228,The Avengers,2012,"[""Action"", ""Sci-Fi""]","[""nm0000375"", ""nm0262635"", ""nm0424060""]",143,8.0,English,United States,1555308,220.0,1520.0,Earth's mightiest heroes must come together and learn to fight as a team if they are going to stop the mischievous Loki and his alien army from enslaving humanity.
tt1745960,Top Gun: Maverick,2022,"[""Action"", ""Drama""]","[""nm0000129"", ""nm0000124"", ""nm1886602""]",130,8.2,English,United States,855273,170.0,1496.0,"The story involves Maverick confronting his past while training a group of younger Top Gun graduates, including the son of his deceased best friend, for a dangerous mission."
tt9362722,Spider-Man: Across the Spider-Verse,2023,"[""Animation"", ""Action"", ""Adventure""]","[""nm4271336"", ""nm2794962"", ""nm3109964""]",140,8.5,English,United States,509515,,381.59,"Traveling across the multiverse, Miles Morales meets a new team of Spider-People, made up of heroes from different dimensions. But when the heroes clash over how to deal with a new threat, Miles finds himself at a crossroads."
tt15398776,Oppenheimer,2023,"[""Biography"", ""Drama"", ""History""]","[""nm0614165"", ""nm1289434"", ""nm0000354""]",180,8.2,English,United States,1021585,100.0,975.8,"A dramatization of the life story of J. Robert Oppenheimer, the physicist who had a large hand in the development of the atomic bombs that brought an end to World War II."
tt1517268,Barbie,2023,"[""Adventure"", ""Comedy"", ""Fantasy""]","[""nm3053338"", ""nm0331516"", ""nm4793987""]",114,6.8,English,United States,667737,128.0,1400.0,"Barbie and Ken are having the time of their lives in the seemingly perfect world of Barbie Land. However, when they get a chance to go to the outside world, they soon discover the joys and perils of living among regular humans."
tt6718170,The Super Mario Bros. Movie,2023,"[""Animation"", ""Adventure"", ""Comedy""]","[""nm0695435"", ""nm5896355"", ""nm0206359""]",92,7.0,English,United States,292599,100.0,1360.0,"Brooklyn plumbers Mario and Luigi are warped to the magical Mushroom Kingdom, and Mario must team up with Princess Peach, Toad, and Donkey Kong to save Luigi from the evil Bowser."
tt15239678,Dune: Part Two,2024,"[""Action"", ""Adventure"", ""Drama""]","[""nm3154303"", ""nm3918035"", ""nm0272581""]",166,8.4,English,United States,734902,,282.14,"Paul Atreides unites with the Fremen while on a warpath of revenge against the conspirators who destroyed his family. Facing a choice between the love of his life and the fate of the universe, he endeavors to prevent a terrible fu..."
tt9603212,Mission: Impossible - Dead Reckoning Part One,2023,"[""Action"", ""Adventure"", ""Thriller""]","[""nm0000129"", ""nm2017943"", ""nm0000609""]",163,7.6,English,United States,326383,255.5,571.1,Ethan Hunt and his IMF team must track down a terrifying new weapon that threatens all of humanity.
tt10648342,Thor: Love and Thunder,2022,"[""Action"", ""Adventure"", ""Comedy""]","[""nm1165110"", ""nm0000204"", ""nm0000288""]",118,6.1,English,United States,459337,250.0,760.9,"Thor enlists the help of Valkyrie, Korg and ex-girlfriend Jane Foster to fight Gorr the God Butcher, who intends to make the gods extinct."
tt9114286,Black Panther: Wakanda Forever,2022,"[""Action"", ""Adventure"", ""Drama""]","[""nm4004793"", ""nm2143282"", ""nm1775091""]",161,6.6,English,United States,368850,200.0,859.2,The people of Wakanda fight to protect their home from intervening world powers as they mourn the death of King T'Challa.
tt1877830,The Batman,2022,"[""Action"", ""Crime"", ""Drama""]","[""nm1500155"", ""nm2368789"", ""nm0942482""]",176,7.8,English,United States,923764,185.0,772.3,"When a sadistic serial killer begins murdering key political figures in Gotham, the Batman is forced to investigate the city's hidden corruption and question his family's involvement."
tt10872600,Spider-Man: No Way Home,2021,"[""Action"", ""Adventure"", ""Fantasy""]","[""nm0276169"", ""nm3918035"", ""nm1212722""]",148,8.1,English,United States,1016161,200.0,1921.0,"With Spider-Man's identity now revealed, Peter asks Doctor Strange for help. When a spell goes wrong, dangerous foes from other worlds start to appear."
tt1160419,Dune: Part One,2021,"[""Action"", ""Adventure"", ""Drama""]","[""nm3154303"", ""nm0272581"", ""nm3918035""]",155,8.0,English,United States,1038179,165.0,411.0,"Paul Atreides arrives on Arrakis after his father accepts the stewardship of the dangerous planet. However, chaos ensues after a betrayal as forces clash to control melange, a precious resource."
tt10272386,The Father,2020,"[""Drama"", ""Mystery""]","[""nm0000164"", ""nm1469236"", ""nm0309693""]",97,8.2,English,United Kingdom,240885,6.0,36.0,"A man refuses all assistance from his daughter as he ages. When he tries to understand what is happening around him, he begins to doubt his loved ones, his own mind and even the fabric of his reality."
tt11671006,The Man from Toronto,2022,"[""Action"", ""Adventure"", ""Comedy""]","[""nm0000437"", ""nm8567129""]",110,5.8,English,United States,65794,75.0,,The world's deadliest assassin and New York's biggest screw-up are mistaken for each other at an Airbnb rental.
tt0121766,Star Wars: Episode III - Revenge of the Sith,2005,"[""Action"", ""Adventure"", ""Fantasy""]","[""nm0159789"", ""nm0000204"", ""nm0000191""]",140,7.7,English,United States,912634,,414.38,"As the Clone Wars nears its end, Obi-Wan Kenobi pursues a new threat, while Anakin Skywalker is lured by Chancellor Palpatine into a sinister plot for galactic domination."
tt0121765,Star Wars: Episode II - Attack of the Clones,2002,"[""Action"", ""Adventure"", ""Fantasy""]","[""nm0159789"", ""nm0000204"", ""nm0000191""]",142,6.6,English,United States,815170,115.0,653.8,"Ten years after initially meeting, Anakin Skywalker shares a forbidden romance with Padmé Amidala, while Obi-Wan Kenobi discovers a secret clone army crafted for the Jedi."
